image_path,severity_score,water_depth,vehicle_risk,structural_risk
images/flood_sample_0000.jpg,0.14,0.15,0.0,0.0
images/flood_sample_0001.jpg,0.54,0.52,0.0,0.0
images/flood_sample_0002.jpg,0.32,0.32,0.0,0.0
images/flood_sample_0003.jpg,0.35,0.36,0.0,0.0
images/flood_sample_0004.jpg,0.51,0.52,0.0,0.0
images/flood_sample_0005.jpg,0.54,0.56,0.0,0.0
images/flood_sample_0006.jpg,0.55,0.56,0.0,0.0
images/flood_sample_0007.jpg,0.84,0.85,0.0,0.0
images/flood_sample_0008.jpg,1.04,1.06,0.0,0.0
images/flood_sample_0009.jpg,1.26,1.23,0.0,0.0
images/flood_sample_0010.jpg,1.07,1.11,0.0,0.0
images/flood_sample_0011.jpg,1.41,1.47,0.0,0.0
images/flood_sample_0012.jpg,1.09,1.12,0.0,0.0
images/flood_sample_0013.jpg,1.41,1.38,0.0,0.0
images/flood_sample_0014.jpg,1.17,1.13,0.0,0.0
images/flood_sample_0015.jpg,1.57,1.53,0.0,0.0
images/flood_sample_0016.jpg,1.49,1.43,0.0,0.0
images/flood_sample_0017.jpg,1.56,1.53,0.0,0.0
images/flood_sample_0018.jpg,1.85,1.93,0.0,0.0
images/flood_sample_0019.jpg,1.8,1.85,0.0,0.0
images/flood_sample_0020.jpg,2.03,2.1,0.06,0.0
images/flood_sample_0021.jpg,1.73,1.65,0.0,0.0
images/flood_sample_0022.jpg,1.96,1.98,0.0,0.0
images/flood_sample_0023.jpg,2.07,2.16,0.12,0.0
images/flood_sample_0024.jpg,2.18,2.26,0.45,0.0
images/flood_sample_0025.jpg,2.35,2.39,0.67,0.0
images/flood_sample_0026.jpg,2.32,2.28,0.64,0.0
images/flood_sample_0027.jpg,2.5,2.42,0.62,0.0
images/flood_sample_0028.jpg,2.52,2.46,0.51,0.0
images/flood_sample_0029.jpg,2.5,2.48,0.84,0.0
images/flood_sample_0030.jpg,2.74,2.73,0.81,0.0
images/flood_sample_0031.jpg,2.87,2.9,0.93,0.0
images/flood_sample_0032.jpg,2.63,2.71,1.11,0.0
images/flood_sample_0033.jpg,2.85,2.89,1.36,0.0
images/flood_sample_0034.jpg,3.04,2.93,1.57,0.0
images/flood_sample_0035.jpg,3.04,2.96,1.28,0.0
images/flood_sample_0036.jpg,3.12,3.1,1.49,0.0
images/flood_sample_0037.jpg,3.46,3.55,2.14,0.0
images/flood_sample_0038.jpg,3.14,3.19,1.78,0.0
images/flood_sample_0039.jpg,3.2,3.18,1.55,0.0
images/flood_sample_0040.jpg,3.29,3.17,1.6,0.0
images/flood_sample_0041.jpg,3.33,3.24,2.08,0.0
images/flood_sample_0042.jpg,3.7,3.57,2.18,0.0
images/flood_sample_0043.jpg,3.94,3.86,2.45,0.0
images/flood_sample_0044.jpg,3.69,3.74,2.46,0.0
images/flood_sample_0045.jpg,3.76,3.64,2.16,0.0
images/flood_sample_0046.jpg,4.17,4.15,2.99,0.0
images/flood_sample_0047.jpg,4.23,4.27,3.22,0.0
images/flood_sample_0048.jpg,4.31,4.42,3.08,0.0
images/flood_sample_0049.jpg,4.31,4.46,3.27,0.0
images/flood_sample_0050.jpg,4.38,4.46,3.34,0.0
images/flood_sample_0051.jpg,4.43,4.21,3.06,0.0
images/flood_sample_0052.jpg,4.29,4.25,3.38,0.0
images/flood_sample_0053.jpg,4.47,4.56,3.19,0.0
images/flood_sample_0054.jpg,4.82,4.81,3.85,0.77
images/flood_sample_0055.jpg,4.63,4.55,3.7,0.29
images/flood_sample_0056.jpg,4.75,4.89,3.99,0.32
images/flood_sample_0057.jpg,4.98,4.86,3.81,1.25
images/flood_sample_0058.jpg,4.96,4.73,3.77,0.63
images/flood_sample_0059.jpg,5.14,5.36,4.42,1.24
images/flood_sample_0060.jpg,4.97,4.84,4.02,0.98
images/flood_sample_0061.jpg,5.09,5.1,4.1,0.82
images/flood_sample_0062.jpg,5.35,5.25,4.43,1.68
images/flood_sample_0063.jpg,5.22,5.42,4.63,1.68
images/flood_sample_0064.jpg,5.52,5.33,4.87,1.98
images/flood_sample_0065.jpg,5.45,5.32,4.38,1.36
images/flood_sample_0066.jpg,5.51,5.36,4.72,1.69
images/flood_sample_0067.jpg,5.38,5.47,4.34,1.99
images/flood_sample_0068.jpg,5.52,5.72,4.49,1.98
images/flood_sample_0069.jpg,5.94,6.0,5.39,2.49
images/flood_sample_0070.jpg,5.71,5.88,5.17,2.39
images/flood_sample_0071.jpg,6.11,6.21,5.47,2.83
images/flood_sample_0072.jpg,5.98,6.26,5.35,2.44
images/flood_sample_0073.jpg,6.07,5.81,5.46,3.17
images/flood_sample_0074.jpg,6.02,6.09,5.17,3.07
images/flood_sample_0075.jpg,6.27,6.29,5.59,2.9
images/flood_sample_0076.jpg,6.33,6.3,5.78,3.37
images/flood_sample_0077.jpg,6.29,6.01,5.49,2.85
images/flood_sample_0078.jpg,6.49,6.42,6.03,3.82
images/flood_sample_0079.jpg,6.45,6.72,6.24,3.24
images/flood_sample_0080.jpg,6.72,6.78,6.41,3.87
images/flood_sample_0081.jpg,6.6,6.8,6.26,3.91
images/flood_sample_0082.jpg,6.83,6.59,6.48,4.01
images/flood_sample_0083.jpg,6.77,6.61,6.46,4.08
images/flood_sample_0084.jpg,6.85,6.72,6.74,4.52
images/flood_sample_0085.jpg,7.05,7.39,6.99,4.39
images/flood_sample_0086.jpg,7.17,6.98,6.96,4.59
images/flood_sample_0087.jpg,7.27,7.29,7.33,5.25
images/flood_sample_0088.jpg,7.49,7.39,7.51,5.47
images/flood_sample_0089.jpg,7.35,7.39,7.21,4.86
images/flood_sample_0090.jpg,7.58,7.32,7.49,5.91
images/flood_sample_0091.jpg,7.5,7.3,7.65,5.33
images/flood_sample_0092.jpg,7.35,7.46,7.46,4.88
images/flood_sample_0093.jpg,7.48,7.37,7.15,5.37
images/flood_sample_0094.jpg,7.51,7.14,7.29,5.79
images/flood_sample_0095.jpg,7.72,7.63,7.64,5.9
images/flood_sample_0096.jpg,7.78,7.74,7.72,5.61
images/flood_sample_0097.jpg,7.95,7.57,8.28,6.26
images/flood_sample_0098.jpg,8.23,8.62,8.35,6.55
images/flood_sample_0099.jpg,8.29,8.67,8.3,6.46
images/flood_sample_0100.jpg,8.16,8.38,8.57,6.74
images/flood_sample_0101.jpg,8.4,7.99,8.86,6.87
images/flood_sample_0102.jpg,8.16,8.02,8.34,6.49
images/flood_sample_0103.jpg,8.54,8.6,8.72,7.11
images/flood_sample_0104.jpg,8.4,8.49,8.59,6.97
images/flood_sample_0105.jpg,8.38,8.12,8.58,7.19
images/flood_sample_0106.jpg,8.79,9.02,9.39,7.58
images/flood_sample_0107.jpg,8.9,9.24,9.31,7.66
images/flood_sample_0108.jpg,8.87,8.51,9.11,7.57
images/flood_sample_0109.jpg,8.99,8.87,9.7,8.45
images/flood_sample_0110.jpg,9.09,9.46,9.83,7.89
images/flood_sample_0111.jpg,9.28,9.11,10.0,8.61
images/flood_sample_0112.jpg,9.32,9.19,9.92,8.43
images/flood_sample_0113.jpg,9.45,9.59,9.91,8.52
images/flood_sample_0114.jpg,9.27,9.02,9.97,8.46
images/flood_sample_0115.jpg,9.29,9.29,9.92,8.38
images/flood_sample_0116.jpg,9.71,9.55,10.0,9.08
images/flood_sample_0117.jpg,9.73,9.8,10.0,9.31
images/flood_sample_0118.jpg,9.49,9.82,9.89,9.34
images/flood_sample_0119.jpg,9.59,9.68,10.0,9.38
images/real_minor_puddle.jpg,1.2,1.0,0.5,0.0
images/real_moderate_street_water.jpg,4.5,4.2,3.8,1.5
